emojiDescription,streamApiEncodings,restApiEncodings
AERIAL TRAMWAY,<ed><a0><bd><ed><ba><a1>,<f0><9f><9a><a1>
AIRPLANE,<e2><9c><88>,<e2><9c><88>
ALARM CLOCK,<e2><8f><b0>,<e2><8f><b0>
ALIEN MONSTER,<ed><a0><bd><ed><b1><be>,<f0><9f><91><be>
AMBULANCE,<ed><a0><bd><ed><ba><91>,<f0><9f><9a><91>
AMERICAN FOOTBALL,<ed><a0><bc><ed><bf><88>,<f0><9f><8f><88>
ANCHOR,<e2><9a><93>,<e2><9a><93>
ANGER SYMBOL,<ed><a0><bd><ed><b2><a2>,<f0><9f><92><a2>
ANGRY FACE,<ed><a0><bd><ed><b8><a0>,<f0><9f><98><a0>
ANGUISHED FACE,<ed><a0><bd><ed><b8><a7>,<f0><9f><98><a7>
ANT,<ed><a0><bd><ed><b0><9c>,<f0><9f><90><9c>
ANTENNA WITH BARS,<ed><a0><bd><ed><b3><b6>,<f0><9f><93><b6>
ANTICLOCKWISE DOWNWARDS AND UPWARDS OPEN CIRCLE ARROWS,<ed><a0><bd><ed><b4><84>,<f0><9f><94><84>
AQUARIUS,<e2><99><92>,<e2><99><92>
ARIES,<e2><99><88>,<e2><99><88>
ARROW POINTING RIGHTWARDS THEN CURVING DOWNWARDS,<e2><a4><b5>,<e2><a4><b5>
ARROW POINTING RIGHTWARDS THEN CURVING UPWARDS,<e2><a4><b4>,<e2><a4><b4>
ARTICULATED LORRY,<ed><a0><bd><ed><ba><9b>,<f0><9f><9a><9b>
ARTIST PALETTE,<ed><a0><bc><ed><be><a8>,<f0><9f><8e><a8>
ASTONISHED FACE,<ed><a0><bd><ed><b8><b2>,<f0><9f><98><b2>
ATHLETIC SHOE,<ed><a0><bd><ed><b1><9f>,<f0><9f><91><9f>
AUBERGINE,<ed><a0><bc><ed><bd><86>,<f0><9f><8d><86>
AUTOMATED TELLER MACHINE,<ed><a0><bc><ed><bf><a7>,<f0><9f><8f><a7>
AUTOMOBILE,<ed><a0><bd><ed><ba><97>,<f0><9f><9a><97>
BABY,<ed><a0><bd><ed><b1><b6>,<f0><9f><91><b6>
BABY ANGEL,<ed><a0><bd><ed><b1><bc>,<f0><9f><91><bc>
BABY BOTTLE,<ed><a0><bc><ed><bd><bc>,<f0><9f><8d><bc>
BABY CHICK,<ed><a0><bd><ed><b0><a4>,<f0><9f><90><a4>
BABY SYMBOL,<ed><a0><bd><ed><ba><bc>,<f0><9f><9a><bc>
BACK WITH LEFTWARDS ARROW ABOVE,<ed><a0><bd><ed><b4><99>,<f0><9f><94><99>
BACTRIAN CAMEL,<ed><a0><bd><ed><b0><ab>,<f0><9f><90><ab>
BAGGAGE CLAIM,<ed><a0><bd><ed><bb><84>,<f0><9f><9b><84>
BALLOON,<ed><a0><bc><ed><be><88>,<f0><9f><8e><88>
BALLOT BOX WITH CHECK,<e2><98><91>,<e2><98><91>
BANANA,<ed><a0><bc><ed><bd><8c>,<f0><9f><8d><8c>
BANK,<ed><a0><bc><ed><bf><a6>,<f0><9f><8f><a6>
BANKNOTE WITH DOLLAR SIGN,<ed><a0><bd><ed><b2><b5>,<f0><9f><92><b5>
BANKNOTE WITH EURO SIGN,<ed><a0><bd><ed><b2><b6>,<f0><9f><92><b6>
BANKNOTE WITH POUND SIGN,<ed><a0><bd><ed><b2><b7>,<f0><9f><92><b7>
BANKNOTE WITH YEN SIGN,<ed><a0><bd><ed><b2><b4>,<f0><9f><92><b4>
BAR CHART,<ed><a0><bd><ed><b3><8a>,<f0><9f><93><8a>
BARBER POLE,<ed><a0><bd><ed><b2><88>,<f0><9f><92><88>
BASEBALL,<e2><9a><be>,<e2><9a><be>
BASKETBALL AND HOOP,<ed><a0><bc><ed><bf><80>,<f0><9f><8f><80>
BATH,<ed><a0><bd><ed><bb><80>,<f0><9f><9b><80>
BATHTUB,<ed><a0><bd><ed><bb><81>,<f0><9f><9b><81>
BATTERY,<ed><a0><bd><ed><b4><8b>,<f0><9f><94><8b>
BEAR FACE,<ed><a0><bd><ed><b0><bb>,<f0><9f><90><bb>
BEATING HEART,<ed><a0><bd><ed><b2><93>,<f0><9f><92><93>
BEER MUG,<ed><a0><bc><ed><bd><ba>,<f0><9f><8d><ba>
BELL,<ed><a0><bd><ed><b4><94>,<f0><9f><94><94>
BELL WITH CANCELLATION STROKE,<ed><a0><bd><ed><b4><95>,<f0><9f><94><95>
BENTO BOX,<ed><a0><bc><ed><bd><b1>,<f0><9f><8d><b1>
BICYCLE,<ed><a0><bd><ed><ba><b2>,<f0><9f><9a><b2>
BICYCLIST,<ed><a0><bd><ed><ba><b4>,<f0><9f><9a><b4>
BIKINI,<ed><a0><bd><ed><b1><99>,<f0><9f><91><99>
BILLIARDS,<ed><a0><bc><ed><be><b1>,<f0><9f><8e><b1>
BIRD,<ed><a0><bd><ed><b0><a6>,<f0><9f><90><a6>
BIRTHDAY CAKE,<ed><a0><bc><ed><be><82>,<f0><9f><8e><82>
BLACK CLUB SUIT,<e2><99><a3>,<e2><99><a3>
BLACK DIAMOND SUIT,<e2><99><a6>,<e2><99><a6>
BLACK DOWN-POINTING DOUBLE TRIANGLE,<e2><8f><ac>,<e2><8f><ac>
BLACK HEART SUIT,<e2><99><a5>,<e2><99><a5>
BLACK LARGE SQUARE,<e2><ac><9b>,<e2><ac><9b>
BLACK LEFT-POINTING DOUBLE TRIANGLE,<e2><8f><aa>,<e2><8f><aa>
BLACK LEFT-POINTING TRIANGLE,<e2><97><80>,<e2><97><80>
BLACK MEDIUM SMALL SQUARE,<e2><97><be>,<e2><97><be>
BLACK MEDIUM SQUARE,<e2><97><bc>,<e2><97><bc>
BLACK NIB,<e2><9c><92>,<e2><9c><92>
BLACK QUESTION MARK ORNAMENT,<e2><9d><93>,<e2><9d><93>
BLACK RIGHT-POINTING DOUBLE TRIANGLE,<e2><8f><a9>,<e2><8f><a9>
BLACK RIGHT-POINTING TRIANGLE,<e2><96><b6>,<e2><96><b6>
BLACK RIGHTWARDS ARROW,<e2><9e><a1>,<e2><9e><a1>
BLACK SCISSORS,<e2><9c><82>,<e2><9c><82>
BLACK SMALL SQUARE,<e2><96><aa>,<e2><96><aa>
BLACK SPADE SUIT,<e2><99><a0>,<e2><99><a0>
BLACK SQUARE BUTTON,<ed><a0><bd><ed><b4><b2>,<f0><9f><94><b2>
BLACK SUN WITH RAYS,<e2><98><80>,<e2><98><80>
BLACK TELEPHONE,<e2><98><8e>,<e2><98><8e>
BLACK UNIVERSAL RECYCLING SYMBOL,<e2><99><bb>,<e2><99><bb>
BLACK UP-POINTING DOUBLE TRIANGLE,<e2><8f><ab>,<e2><8f><ab>
BLOSSOM,<ed><a0><bc><ed><bc><bc>,<f0><9f><8c><bc>
BLOWFISH,<ed><a0><bd><ed><b0><a1>,<f0><9f><90><a1>
BLUE BOOK,<ed><a0><bd><ed><b3><98>,<f0><9f><93><98>
BLUE HEART,<ed><a0><bd><ed><b2><99>,<f0><9f><92><99>
BOAR,<ed><a0><bd><ed><b0><97>,<f0><9f><90><97>
BOMB,<ed><a0><bd><ed><b2><a3>,<f0><9f><92><a3>
BOOKMARK,<ed><a0><bd><ed><b4><96>,<f0><9f><94><96>
BOOKMARK TABS,<ed><a0><bd><ed><b3><91>,<f0><9f><93><91>
BOOKS,<ed><a0><bd><ed><b3><9a>,<f0><9f><93><9a>
BOUQUET,<ed><a0><bd><ed><b2><90>,<f0><9f><92><90>
BOWLING,<ed><a0><bc><ed><be><b3>,<f0><9f><8e><b3>
BOY,<ed><a0><bd><ed><b1><a6>,<f0><9f><91><a6>
BREAD,<ed><a0><bc><ed><bd><9e>,<f0><9f><8d><9e>
BRIDE WITH VEIL,<ed><a0><bd><ed><b1><b0>,<f0><9f><91><b0>
BRIDGE AT NIGHT,<ed><a0><bc><ed><bc><89>,<f0><9f><8c><89>
BRIEFCASE,<ed><a0><bd><ed><b2><bc>,<f0><9f><92><bc>
BROKEN HEART,<ed><a0><bd><ed><b2><94>,<f0><9f><92><94>
BUG,<ed><a0><bd><ed><b0><9b>,<f0><9f><90><9b>
BUS,<ed><a0><bd><ed><ba><8c>,<f0><9f><9a><8c>
BUS STOP,<ed><a0><bd><ed><ba><8f>,<f0><9f><9a><8f>
BUST IN SILHOUETTE,<ed><a0><bd><ed><b1><a4>,<f0><9f><91><a4>
BUSTS IN SILHOUETTE,<ed><a0><bd><ed><b1><a5>,<f0><9f><91><a5>
CACTUS,<ed><a0><bc><ed><bc><b5>,<f0><9f><8c><b5>
CALENDAR,<ed><a0><bd><ed><b3><85>,<f0><9f><93><85>
CAMERA,<ed><a0><bd><ed><b3><b7>,<f0><9f><93><b7>
CANCER,<e2><99><8b>,<e2><99><8b>
CANDY,<ed><a0><bc><ed><bd><ac>,<f0><9f><8d><ac>
CAPRICORN,<e2><99><91>,<e2><99><91>
CARD INDEX,<ed><a0><bd><ed><b3><87>,<f0><9f><93><87>
CAROUSEL HORSE,<ed><a0><bc><ed><be><a0>,<f0><9f><8e><a0>
CARP STREAMER,<ed><a0><bc><ed><be><8f>,<f0><9f><8e><8f>
CAT,<ed><a0><bd><ed><b0><88>,<f0><9f><90><88>
CAT FACE,<ed><a0><bd><ed><b0><b1>,<f0><9f><90><b1>
CAT FACE WITH TEARS OF JOY,<ed><a0><bd><ed><b8><b9>,<f0><9f><98><b9>
CAT FACE WITH WRY SMILE,<ed><a0><bd><ed><b8><bc>,<f0><9f><98><bc>
CHART WITH DOWNWARDS TREND,<ed><a0><bd><ed><b3><89>,<f0><9f><93><89>
CHART WITH UPWARDS TREND,<ed><a0><bd><ed><b3><88>,<f0><9f><93><88>
CHART WITH UPWARDS TREND AND YEN SIGN,<ed><a0><bd><ed><b2><b9>,<f0><9f><92><b9>
CHEERING MEGAPHONE,<ed><a0><bd><ed><b3><a3>,<f0><9f><93><a3>
CHEQUERED FLAG,<ed><a0><bc><ed><bf><81>,<f0><9f><8f><81>
CHERRIES,<ed><a0><bc><ed><bd><92>,<f0><9f><8d><92>
CHERRY BLOSSOM,<ed><a0><bc><ed><bc><b8>,<f0><9f><8c><b8>
CHESTNUT,<ed><a0><bc><ed><bc><b0>,<f0><9f><8c><b0>
CHICKEN,<ed><a0><bd><ed><b0><94>,<f0><9f><90><94>
CHILDREN CROSSING,<ed><a0><bd><ed><ba><b8>,<f0><9f><9a><b8>
CHOCOLATE BAR,<ed><a0><bc><ed><bd><ab>,<f0><9f><8d><ab>
CHRISTMAS TREE,<ed><a0><bc><ed><be><84>,<f0><9f><8e><84>
CHURCH,<e2><9b><aa>,<e2><9b><aa>
CINEMA,<ed><a0><bc><ed><be><a6>,<f0><9f><8e><a6>
CIRCLED IDEOGRAPH ACCEPT,<ed><a0><bc><ed><b9><91>,<f0><9f><89><91>
CIRCLED IDEOGRAPH ADVANTAGE,<ed><a0><bc><ed><b9><90>,<f0><9f><89><90>
CIRCLED IDEOGRAPH CONGRATULATION,<e3><8a><97>,<e3><8a><97>
CIRCLED IDEOGRAPH SECRET,<e3><8a><99>,<e3><8a><99>
CIRCLED LATIN CAPITAL LETTER M,<e2><93><82>,<e2><93><82>
CIRCUS TENT,<ed><a0><bc><ed><be><aa>,<f0><9f><8e><aa>
CITYSCAPE AT DUSK,<ed><a0><bc><ed><bc><86>,<f0><9f><8c><86>
CLAPPER BOARD,<ed><a0><bc><ed><be><ac>,<f0><9f><8e><ac>
CLAPPING HANDS SIGN,<ed><a0><bd><ed><b1><8f>,<f0><9f><91><8f>
CLINKING BEER MUGS,<ed><a0><bc><ed><bd><bb>,<f0><9f><8d><bb>
CLIPBOARD,<ed><a0><bd><ed><b3><8b>,<f0><9f><93><8b>
CLOCK FACE EIGHT OCLOCK,<ed><a0><bd><ed><b5><97>,<f0><9f><95><97>
CLOCK FACE EIGHT-THIRTY,<ed><a0><bd><ed><b5><a3>,<f0><9f><95><a3>
CLOCK FACE ELEVEN OCLOCK,<ed><a0><bd><ed><b5><9a>,<f0><9f><95><9a>
CLOCK FACE ELEVEN-THIRTY,<ed><a0><bd><ed><b5><a6>,<f0><9f><95><a6>
CLOCK FACE FIVE OCLOCK,<ed><a0><bd><ed><b5><94>,<f0><9f><95><94>
CLOCK FACE FIVE-THIRTY,<ed><a0><bd><ed><b5><a0>,<f0><9f><95><a0>
CLOCK FACE FOUR OCLOCK,<ed><a0><bd><ed><b5><93>,<f0><9f><95><93>
CLOCK FACE FOUR-THIRTY,<ed><a0><bd><ed><b5><9f>,<f0><9f><95><9f>
CLOCK FACE NINE OCLOCK,<ed><a0><bd><ed><b5><98>,<f0><9f><95><98>
CLOCK FACE NINE-THIRTY,<ed><a0><bd><ed><b5><a4>,<f0><9f><95><a4>
CLOCK FACE ONE OCLOCK,<ed><a0><bd><ed><b5><90>,<f0><9f><95><90>
CLOCK FACE ONE-THIRTY,<ed><a0><bd><ed><b5><9c>,<f0><9f><95><9c>
CLOCK FACE SEVEN OCLOCK,<ed><a0><bd><ed><b5><96>,<f0><9f><95><96>
CLOCK FACE SEVEN-THIRTY,<ed><a0><bd><ed><b5><a2>,<f0><9f><95><a2>
CLOCK FACE SIX OCLOCK,<ed><a0><bd><ed><b5><95>,<f0><9f><95><95>
CLOCK FACE SIX-THIRTY,<ed><a0><bd><ed><b5><a1>,<f0><9f><95><a1>
CLOCK FACE TEN OCLOCK,<ed><a0><bd><ed><b5><99>,<f0><9f><95><99>
CLOCK FACE TEN-THIRTY,<ed><a0><bd><ed><b5><a5>,<f0><9f><95><a5>
CLOCK FACE THREE OCLOCK,<ed><a0><bd><ed><b5><92>,<f0><9f><95><92>
CLOCK FACE THREE-THIRTY,<ed><a0><bd><ed><b5><9e>,<f0><9f><95><9e>
CLOCK FACE TWELVE OCLOCK,<ed><a0><bd><ed><b5><9b>,<f0><9f><95><9b>
CLOCK FACE TWELVE-THIRTY,<ed><a0><bd><ed><b5><a7>,<f0><9f><95><a7>
CLOCK FACE TWO OCLOCK,<ed><a0><bd><ed><b5><91>,<f0><9f><95><91>
CLOCK FACE TWO-THIRTY,<ed><a0><bd><ed><b5><9d>,<f0><9f><95><9d>
CLOCKWISE DOWNWARDS AND UPWARDS OPEN CIRCLE ARROWS,<ed><a0><bd><ed><b4><83>,<f0><9f><94><83>
CLOCKWISE RIGHTWARDS AND LEFTWARDS OPEN CIRCLE ARROWS,<ed><a0><bd><ed><b4><81>,<f0><9f><94><81>
CLOCKWISE RIGHTWARDS AND LEFTWARDS OPEN CIRCLE ARROWS WITH CIRCLED ONE OVERLAY,<ed><a0><bd><ed><b4><82>,<f0><9f><94><82>
CLOSED BOOK,<ed><a0><bd><ed><b3><95>,<f0><9f><93><95>
CLOSED LOCK WITH KEY,<ed><a0><bd><ed><b4><90>,<f0><9f><94><90>
CLOSED MAILBOX WITH LOWERED FLAG,<ed><a0><bd><ed><b3><aa>,<f0><9f><93><aa>
CLOSED MAILBOX WITH RAISED FLAG,<ed><a0><bd><ed><b3><ab>,<f0><9f><93><ab>
CLOSED UMBRELLA,<ed><a0><bc><ed><bc><82>,<f0><9f><8c><82>
CLOUD,<e2><98><81>,<e2><98><81>
COCKTAIL GLASS,<ed><a0><bc><ed><bd><b8>,<f0><9f><8d><b8>
COLLISION SYMBOL,<ed><a0><bd><ed><b2><a5>,<f0><9f><92><a5>
CONFETTI BALL,<ed><a0><bc><ed><be><8a>,<f0><9f><8e><8a>
CONFOUNDED FACE,<ed><a0><bd><ed><b8><96>,<f0><9f><98><96>
CONFUSED FACE,<ed><a0><bd><ed><b8><95>,<f0><9f><98><95>
CONSTRUCTION SIGN,<ed><a0><bd><ed><ba><a7>,<f0><9f><9a><a7>
CONSTRUCTION WORKER,<ed><a0><bd><ed><b1><b7>,<f0><9f><91><b7>
CONVENIENCE STORE,<ed><a0><bc><ed><bf><aa>,<f0><9f><8f><aa>
COOKED RICE,<ed><a0><bc><ed><bd><9a>,<f0><9f><8d><9a>
COOKIE,<ed><a0><bc><ed><bd><aa>,<f0><9f><8d><aa>
COOKING,<ed><a0><bc><ed><bd><b3>,<f0><9f><8d><b3>
COPYRIGHT SIGN,<c2><a9>,<c2><a9>
COUPLE WITH HEART,<ed><a0><bd><ed><b2><91>,<f0><9f><92><91>
COW,<ed><a0><bd><ed><b0><84>,<f0><9f><90><84>
COW FACE,<ed><a0><bd><ed><b0><ae>,<f0><9f><90><ae>
CREDIT CARD,<ed><a0><bd><ed><b2><b3>,<f0><9f><92><b3>
CRESCENT MOON,<ed><a0><bc><ed><bc><99>,<f0><9f><8c><99>
CROCODILE,<ed><a0><bd><ed><b0><8a>,<f0><9f><90><8a>
CROSS MARK,<e2><9d><8c>,<e2><9d><8c>
CROSSED FLAGS,<ed><a0><bc><ed><be><8c>,<f0><9f><8e><8c>
CROWN,<ed><a0><bd><ed><b1><91>,<f0><9f><91><91>
CRYING CAT FACE,<ed><a0><bd><ed><b8><bf>,<f0><9f><98><bf>
CRYING FACE,<ed><a0><bd><ed><b8><a2>,<f0><9f><98><a2>
CRYSTAL BALL,<ed><a0><bd><ed><b4><ae>,<f0><9f><94><ae>
CURLY LOOP,<e2><9e><b0>,<e2><9e><b0>
CURRENCY EXCHANGE,<ed><a0><bd><ed><b2><b1>,<f0><9f><92><b1>
CURRY AND RICE,<ed><a0><bc><ed><bd><9b>,<f0><9f><8d><9b>
CUSTARD,<ed><a0><bc><ed><bd><ae>,<f0><9f><8d><ae>
CUSTOMS,<ed><a0><bd><ed><bb><83>,<f0><9f><9b><83>
CYCLONE,<ed><a0><bc><ed><bc><80>,<f0><9f><8c><80>
DANCER,<ed><a0><bd><ed><b2><83>,<f0><9f><92><83>
DANGO,<ed><a0><bc><ed><bd><a1>,<f0><9f><8d><a1>
DASH SYMBOL,<ed><a0><bd><ed><b2><a8>,<f0><9f><92><a8>
DECIDUOUS TREE,<ed><a0><bc><ed><bc><b3>,<f0><9f><8c><b3>
DELIVERY TRUCK,<ed><a0><bd><ed><ba><9a>,<f0><9f><9a><9a>
DEPARTMENT STORE,<ed><a0><bc><ed><bf><ac>,<f0><9f><8f><ac>
DIAMOND SHAPE WITH A DOT INSIDE,<ed><a0><bd><ed><b2><a0>,<f0><9f><92><a0>
DIGIT EIGHT + COMBINING ENCLOSING KEYCAP,8<e2><83><a3>,<38><e2><83><a3>
DIGIT FIVE + COMBINING ENCLOSING KEYCAP,5<e2><83><a3>,<35><e2><83><a3>
DIGIT FOUR + COMBINING ENCLOSING KEYCAP,4<e2><83><a3>,<34><e2><83><a3>
DIGIT NINE + COMBINING ENCLOSING KEYCAP,9<e2><83><a3>,<39><e2><83><a3>
DIGIT ONE + COMBINING ENCLOSING KEYCAP,1<e2><83><a3>,<31><e2><83><a3>
DIGIT SEVEN + COMBINING ENCLOSING KEYCAP,7<e2><83><a3>,<37><e2><83><a3>
DIGIT SIX + COMBINING ENCLOSING KEYCAP,6<e2><83><a3>,<36><e2><83><a3>
DIGIT THREE + COMBINING ENCLOSING KEYCAP,3<e2><83><a3>,<33><e2><83><a3>
DIGIT TWO + COMBINING ENCLOSING KEYCAP,2<e2><83><a3>,<32><e2><83><a3>
DIGIT ZERO + COMBINING ENCLOSING KEYCAP,0<e2><83><a3>,<30><e2><83><a3>
DIRECT HIT,<ed><a0><bc><ed><be><af>,<f0><9f><8e><af>
DISAPPOINTED BUT RELIEVED FACE,<ed><a0><bd><ed><b8><a5>,<f0><9f><98><a5>
DISAPPOINTED FACE,<ed><a0><bd><ed><b8><9e>,<f0><9f><98><9e>
DIZZY FACE,<ed><a0><bd><ed><b8><b5>,<f0><9f><98><b5>
DIZZY SYMBOL,<ed><a0><bd><ed><b2><ab>,<f0><9f><92><ab>
DO NOT LITTER SYMBOL,<ed><a0><bd><ed><ba><af>,<f0><9f><9a><af>
DOG,<ed><a0><bd><ed><b0><95>,<f0><9f><90><95>
DOG FACE,<ed><a0><bd><ed><b0><b6>,<f0><9f><90><b6>
DOLPHIN,<ed><a0><bd><ed><b0><ac>,<f0><9f><90><ac>
DOOR,<ed><a0><bd><ed><ba><aa>,<f0><9f><9a><aa>
DOUBLE EXCLAMATION MARK,<e2><80><bc>,<e2><80><bc>
DOUGHNUT,<ed><a0><bc><ed><bd><a9>,<f0><9f><8d><a9>
DOWN-POINTING RED TRIANGLE,<ed><a0><bd><ed><b4><bb>,<f0><9f><94><bb>
DOWN-POINTING SMALL RED TRIANGLE,<ed><a0><bd><ed><b4><bd>,<f0><9f><94><bd>
DOWNWARDS BLACK ARROW,<e2><ac><87>,<e2><ac><87>
DRAGON,<ed><a0><bd><ed><b0><89>,<f0><9f><90><89>
DRAGON FACE,<ed><a0><bd><ed><b0><b2>,<f0><9f><90><b2>
DRESS,<ed><a0><bd><ed><b1><97>,<f0><9f><91><97>
DROMEDARY CAMEL,<ed><a0><bd><ed><b0><aa>,<f0><9f><90><aa>
DROPLET,<ed><a0><bd><ed><b2><a7>,<f0><9f><92><a7>
DVD,<ed><a0><bd><ed><b3><80>,<f0><9f><93><80>
E-MAIL SYMBOL,<ed><a0><bd><ed><b3><a7>,<f0><9f><93><a7>
EAR,<ed><a0><bd><ed><b1><82>,<f0><9f><91><82>
EAR OF MAIZE,<ed><a0><bc><ed><bc><bd>,<f0><9f><8c><bd>
EAR OF RICE,<ed><a0><bc><ed><bc><be>,<f0><9f><8c><be>
EARTH GLOBE AMERICAS,<ed><a0><bc><ed><bc><8e>,<f0><9f><8c><8e>
EARTH GLOBE ASIA-AUSTRALIA,<ed><a0><bc><ed><bc><8f>,<f0><9f><8c><8f>
EARTH GLOBE EUROPE-AFRICA,<ed><a0><bc><ed><bc><8d>,<f0><9f><8c><8d>
EIGHT POINTED BLACK STAR,<e2><9c><b4>,<e2><9c><b4>
EIGHT SPOKED ASTERISK,<e2><9c><b3>,<e2><9c><b3>
ELECTRIC LIGHT BULB,<ed><a0><bd><ed><b2><a1>,<f0><9f><92><a1>
ELECTRIC PLUG,<ed><a0><bd><ed><b4><8c>,<f0><9f><94><8c>
ELECTRIC TORCH,<ed><a0><bd><ed><b4><a6>,<f0><9f><94><a6>
ELEPHANT,<ed><a0><bd><ed><b0><98>,<f0><9f><90><98>
END WITH LEFTWARDS ARROW ABOVE,<ed><a0><bd><ed><b4><9a>,<f0><9f><94><9a>
ENVELOPE,<e2><9c><89>,<e2><9c><89>
ENVELOPE WITH DOWNWARDS ARROW ABOVE,<ed><a0><bd><ed><b3><a9>,<f0><9f><93><a9>
EUROPEAN CASTLE,<ed><a0><bc><ed><bf><b0>,<f0><9f><8f><b0>
EUROPEAN POST OFFICE,<ed><a0><bc><ed><bf><a4>,<f0><9f><8f><a4>
EVERGREEN TREE,<ed><a0><bc><ed><bc><b2>,<f0><9f><8c><b2>
EXCLAMATION QUESTION MARK,<e2><81><89>,<e2><81><89>
EXPRESSIONLESS FACE,<ed><a0><bd><ed><b8><91>,<f0><9f><98><91>
EXTRATERRESTRIAL ALIEN,<ed><a0><bd><ed><b1><bd>,<f0><9f><91><bd>
EYEGLASSES,<ed><a0><bd><ed><b1><93>,<f0><9f><91><93>
EYES,<ed><a0><bd><ed><b1><80>,<f0><9f><91><80>
FACE MASSAGE,<ed><a0><bd><ed><b2><86>,<f0><9f><92><86>
FACE SAVOURING DELICIOUS FOOD,<ed><a0><bd><ed><b8><8b>,<f0><9f><98><8b>
FACE SCREAMING IN FEAR,<ed><a0><bd><ed><b8><b1>,<f0><9f><98><b1>
FACE THROWING A KISS,<ed><a0><bd><ed><b8><98>,<f0><9f><98><98>
FACE WITH COLD SWEAT,<ed><a0><bd><ed><b8><93>,<f0><9f><98><93>
FACE WITH LOOK OF TRIUMPH,<ed><a0><bd><ed><b8><a4>,<f0><9f><98><a4>
FACE WITH MEDICAL MASK,<ed><a0><bd><ed><b8><b7>,<f0><9f><98><b7>
FACE WITH NO GOOD GESTURE,<ed><a0><bd><ed><b9><85>,<f0><9f><99><85>
FACE WITH OK GESTURE,<ed><a0><bd><ed><b9><86>,<f0><9f><99><86>
FACE WITH OPEN MOUTH,<ed><a0><bd><ed><b8><ae>,<f0><9f><98><ae>
FACE WITH OPEN MOUTH AND COLD SWEAT,<ed><a0><bd><ed><b8><b0>,<f0><9f><98><b0>
FACE WITH STUCK-OUT TONGUE,<ed><a0><bd><ed><b8><9b>,<f0><9f><98><9b>
FACE WITH STUCK-OUT TONGUE AND TIGHTLY-CLOSED EYES,<ed><a0><bd><ed><b8><9d>,<f0><9f><98><9d>
FACE WITH STUCK-OUT TONGUE AND WINKING EYE,<ed><a0><bd><ed><b8><9c>,<f0><9f><98><9c>
FACE WITH TEARS OF JOY,<ed><a0><bd><ed><b8><82>,<f0><9f><98><82>
FACE WITHOUT MOUTH,<ed><a0><bd><ed><b8><b6>,<f0><9f><98><b6>
FACTORY,<ed><a0><bc><ed><bf><ad>,<f0><9f><8f><ad>
FALLEN LEAF,<ed><a0><bc><ed><bd><82>,<f0><9f><8d><82>
FAMILY,<ed><a0><bd><ed><b1><aa>,<f0><9f><91><aa>
FATHER CHRISTMAS,<ed><a0><bc><ed><be><85>,<f0><9f><8e><85>
FAX MACHINE,<ed><a0><bd><ed><b3><a0>,<f0><9f><93><a0>
FEARFUL FACE,<ed><a0><bd><ed><b8><a8>,<f0><9f><98><a8>
FERRIS WHEEL,<ed><a0><bc><ed><be><a1>,<f0><9f><8e><a1>
FILE FOLDER,<ed><a0><bd><ed><b3><81>,<f0><9f><93><81>
FIRE,<ed><a0><bd><ed><b4><a5>,<f0><9f><94><a5>
FIRE ENGINE,<ed><a0><bd><ed><ba><92>,<f0><9f><9a><92>
FIREWORK SPARKLER,<ed><a0><bc><ed><be><87>,<f0><9f><8e><87>
FIREWORKS,<ed><a0><bc><ed><be><86>,<f0><9f><8e><86>
FIRST QUARTER MOON SYMBOL,<ed><a0><bc><ed><bc><93>,<f0><9f><8c><93>
FIRST QUARTER MOON WITH FACE,<ed><a0><bc><ed><bc><9b>,<f0><9f><8c><9b>
FISH,<ed><a0><bd><ed><b0><9f>,<f0><9f><90><9f>
FISH CAKE WITH SWIRL DESIGN,<ed><a0><bc><ed><bd><a5>,<f0><9f><8d><a5>
FISHING POLE AND FISH,<ed><a0><bc><ed><be><a3>,<f0><9f><8e><a3>
FISTED HAND SIGN,<ed><a0><bd><ed><b1><8a>,<f0><9f><91><8a>
FLAG IN HOLE,<e2><9b><b3>,<e2><9b><b3>
FLEXED BICEPS,<ed><a0><bd><ed><b2><aa>,<f0><9f><92><aa>
FLOPPY DISK,<ed><a0><bd><ed><b2><be>,<f0><9f><92><be>
FLOWER PLAYING CARDS,<ed><a0><bc><ed><be><b4>,<f0><9f><8e><b4>
FLUSHED FACE,<ed><a0><bd><ed><b8><b3>,<f0><9f><98><b3>
FOGGY,<ed><a0><bc><ed><bc><81>,<f0><9f><8c><81>
FOOTPRINTS,<ed><a0><bd><ed><b1><a3>,<f0><9f><91><a3>
FORK AND KNIFE,<ed><a0><bc><ed><bd><b4>,<f0><9f><8d><b4>
FOUNTAIN,<e2><9b><b2>,<e2><9b><b2>
FOUR LEAF CLOVER,<ed><a0><bc><ed><bd><80>,<f0><9f><8d><80>
FRENCH FRIES,<ed><a0><bc><ed><bd><9f>,<f0><9f><8d><9f>
FRIED SHRIMP,<ed><a0><bc><ed><bd><a4>,<f0><9f><8d><a4>
FROG FACE,<ed><a0><bd><ed><b0><b8>,<f0><9f><90><b8>
FRONT-FACING BABY CHICK,<ed><a0><bd><ed><b0><a5>,<f0><9f><90><a5>
FROWNING FACE WITH OPEN MOUTH,<ed><a0><bd><ed><b8><a6>,<f0><9f><98><a6>
FUEL PUMP,<e2><9b><bd>,<e2><9b><bd>
FULL MOON SYMBOL,<ed><a0><bc><ed><bc><95>,<f0><9f><8c><95>
FULL MOON WITH FACE,<ed><a0><bc><ed><bc><9d>,<f0><9f><8c><9d>
GAME DIE,<ed><a0><bc><ed><be><b2>,<f0><9f><8e><b2>
GEM STONE,<ed><a0><bd><ed><b2><8e>,<f0><9f><92><8e>
GEMINI,<e2><99><8a>,<e2><99><8a>
GHOST,<ed><a0><bd><ed><b1><bb>,<f0><9f><91><bb>
GIRL,<ed><a0><bd><ed><b1><a7>,<f0><9f><91><a7>
GLOBE WITH MERIDIANS,<ed><a0><bc><ed><bc><90>,<f0><9f><8c><90>
GLOWING STAR,<ed><a0><bc><ed><bc><9f>,<f0><9f><8c><9f>
GOAT,<ed><a0><bd><ed><b0><90>,<f0><9f><90><90>
GRADUATION CAP,<ed><a0><bc><ed><be><93>,<f0><9f><8e><93>
GRAPES,<ed><a0><bc><ed><bd><87>,<f0><9f><8d><87>
GREEN APPLE,<ed><a0><bc><ed><bd><8f>,<f0><9f><8d><8f>
GREEN BOOK,<ed><a0><bd><ed><b3><97>,<f0><9f><93><97>
GREEN HEART,<ed><a0><bd><ed><b2><9a>,<f0><9f><92><9a>
GRIMACING FACE,<ed><a0><bd><ed><b8><ac>,<f0><9f><98><ac>
GRINNING CAT FACE WITH SMILING EYES,<ed><a0><bd><ed><b8><b8>,<f0><9f><98><b8>
GRINNING FACE,<ed><a0><bd><ed><b8><80>,<f0><9f><98><80>
GRINNING FACE WITH SMILING EYES,<ed><a0><bd><ed><b8><81>,<f0><9f><98><81>
GROWING HEART,<ed><a0><bd><ed><b2><97>,<f0><9f><92><97>
GUARDSMAN,<ed><a0><bd><ed><b2><82>,<f0><9f><92><82>
GUITAR,<ed><a0><bc><ed><be><b8>,<f0><9f><8e><b8>
HAIRCUT,<ed><a0><bd><ed><b2><87>,<f0><9f><92><87>
HAMBURGER,<ed><a0><bc><ed><bd><94>,<f0><9f><8d><94>
HAMMER,<ed><a0><bd><ed><b4><a8>,<f0><9f><94><a8>
HAMSTER FACE,<ed><a0><bd><ed><b0><b9>,<f0><9f><90><b9>
HANDBAG,<ed><a0><bd><ed><b1><9c>,<f0><9f><91><9c>
HAPPY PERSON RAISING ONE HAND,<ed><a0><bd><ed><b9><8b>,<f0><9f><99><8b>
HATCHING CHICK,<ed><a0><bd><ed><b0><a3>,<f0><9f><90><a3>
HEADPHONE,<ed><a0><bc><ed><be><a7>,<f0><9f><8e><a7>
HEAR-NO-EVIL MONKEY,<ed><a0><bd><ed><b9><89>,<f0><9f><99><89>
HEART DECORATION,<ed><a0><bd><ed><b2><9f>,<f0><9f><92><9f>
HEART WITH ARROW,<ed><a0><bd><ed><b2><98>,<f0><9f><92><98>
HEART WITH RIBBON,<ed><a0><bd><ed><b2><9d>,<f0><9f><92><9d>
HEAVY BLACK HEART,<e2><9d><a4>,<e2><9d><a4>
HEAVY CHECK MARK,<e2><9c><94>,<e2><9c><94>
HEAVY DIVISION SIGN,<e2><9e><97>,<e2><9e><97>
HEAVY DOLLAR SIGN,<ed><a0><bd><ed><b2><b2>,<f0><9f><92><b2>
HEAVY EXCLAMATION MARK SYMBOL,<e2><9d><97>,<e2><9d><97>
HEAVY LARGE CIRCLE,<e2><ad><95>,<e2><ad><95>
HEAVY MINUS SIGN,<e2><9e><96>,<e2><9e><96>
HEAVY MULTIPLICATION X,<e2><9c><96>,<e2><9c><96>
HEAVY PLUS SIGN,<e2><9e><95>,<e2><9e><95>
HELICOPTER,<ed><a0><bd><ed><ba><81>,<f0><9f><9a><81>
HERB,<ed><a0><bc><ed><bc><bf>,<f0><9f><8c><bf>
HIBISCUS,<ed><a0><bc><ed><bc><ba>,<f0><9f><8c><ba>
HIGH BRIGHTNESS SYMBOL,<ed><a0><bd><ed><b4><86>,<f0><9f><94><86>
HIGH VOLTAGE SIGN,<e2><9a><a1>,<e2><9a><a1>
HIGH-HEELED SHOE,<ed><a0><bd><ed><b1><a0>,<f0><9f><91><a0>
HIGH-SPEED TRAIN,<ed><a0><bd><ed><ba><84>,<f0><9f><9a><84>
HIGH-SPEED TRAIN WITH BULLET NOSE,<ed><a0><bd><ed><ba><85>,<f0><9f><9a><85>
HOCHO,<ed><a0><bd><ed><b4><aa>,<f0><9f><94><aa>
HONEY POT,<ed><a0><bc><ed><bd><af>,<f0><9f><8d><af>
HONEYBEE,<ed><a0><bd><ed><b0><9d>,<f0><9f><90><9d>
HORIZONTAL TRAFFIC LIGHT,<ed><a0><bd><ed><ba><a5>,<f0><9f><9a><a5>
HORSE,<ed><a0><bd><ed><b0><8e>,<f0><9f><90><8e>
HORSE FACE,<ed><a0><bd><ed><b0><b4>,<f0><9f><90><b4>
HORSE RACING,<ed><a0><bc><ed><bf><87>,<f0><9f><8f><87>
HOSPITAL,<ed><a0><bc><ed><bf><a5>,<f0><9f><8f><a5>
HOT BEVERAGE,<e2><98><95>,<e2><98><95>
HOT SPRINGS,<e2><99><a8>,<e2><99><a8>
HOTEL,<ed><a0><bc><ed><bf><a8>,<f0><9f><8f><a8>
HOURGLASS,<e2><8c><9b>,<e2><8c><9b>
HOURGLASS WITH FLOWING SAND,<e2><8f><b3>,<e2><8f><b3>
HOUSE BUILDING,<ed><a0><bc><ed><bf><a0>,<f0><9f><8f><a0>
HOUSE WITH GARDEN,<ed><a0><bc><ed><bf><a1>,<f0><9f><8f><a1>
HUNDRED POINTS SYMBOL,<ed><a0><bd><ed><b2><af>,<f0><9f><92><af>
HUSHED FACE,<ed><a0><bd><ed><b8><af>,<f0><9f><98><af>
ICE CREAM,<ed><a0><bc><ed><bd><a8>,<f0><9f><8d><a8>
IMP,<ed><a0><bd><ed><b1><bf>,<f0><9f><91><bf>
INBOX TRAY,<ed><a0><bd><ed><b3><a5>,<f0><9f><93><a5>
INCOMING ENVELOPE,<ed><a0><bd><ed><b3><a8>,<f0><9f><93><a8>
INFORMATION DESK PERSON,<ed><a0><bd><ed><b2><81>,<f0><9f><92><81>
INFORMATION SOURCE,<e2><84><b9>,<e2><84><b9>
INPUT SYMBOL FOR LATIN CAPITAL LETTERS,<ed><a0><bd><ed><b4><a0>,<f0><9f><94><a0>
INPUT SYMBOL FOR LATIN LETTERS,<ed><a0><bd><ed><b4><a4>,<f0><9f><94><a4>
INPUT SYMBOL FOR LATIN SMALL LETTERS,<ed><a0><bd><ed><b4><a1>,<f0><9f><94><a1>
INPUT SYMBOL FOR NUMBERS,<ed><a0><bd><ed><b4><a2>,<f0><9f><94><a2>
INPUT SYMBOL FOR SYMBOLS,<ed><a0><bd><ed><b4><a3>,<f0><9f><94><a3>
IZAKAYA LANTERN,<ed><a0><bc><ed><bf><ae>,<f0><9f><8f><ae>
JACK-O-LANTERN,<ed><a0><bc><ed><be><83>,<f0><9f><8e><83>
JAPANESE CASTLE,<ed><a0><bc><ed><bf><af>,<f0><9f><8f><af>
JAPANESE DOLLS,<ed><a0><bc><ed><be><8e>,<f0><9f><8e><8e>
JAPANESE GOBLIN,<ed><a0><bd><ed><b1><ba>,<f0><9f><91><ba>
JAPANESE OGRE,<ed><a0><bd><ed><b1><b9>,<f0><9f><91><b9>
JAPANESE POST OFFICE,<ed><a0><bc><ed><bf><a3>,<f0><9f><8f><a3>
JAPANESE SYMBOL FOR BEGINNER,<ed><a0><bd><ed><b4><b0>,<f0><9f><94><b0>
JEANS,<ed><a0><bd><ed><b1><96>,<f0><9f><91><96>
KEY,<ed><a0><bd><ed><b4><91>,<f0><9f><94><91>
KEYCAP TEN,<ed><a0><bd><ed><b4><9f>,<f0><9f><94><9f>
KIMONO,<ed><a0><bd><ed><b1><98>,<f0><9f><91><98>
KISS,<ed><a0><bd><ed><b2><8f>,<f0><9f><92><8f>
KISS MARK,<ed><a0><bd><ed><b2><8b>,<f0><9f><92><8b>
KISSING CAT FACE WITH CLOSED EYES,<ed><a0><bd><ed><b8><bd>,<f0><9f><98><bd>
KISSING FACE,<ed><a0><bd><ed><b8><97>,<f0><9f><98><97>
KISSING FACE WITH CLOSED EYES,<ed><a0><bd><ed><b8><9a>,<f0><9f><98><9a>
KISSING FACE WITH SMILING EYES,<ed><a0><bd><ed><b8><99>,<f0><9f><98><99>
KOALA,<ed><a0><bd><ed><b0><a8>,<f0><9f><90><a8>
LADY BEETLE,<ed><a0><bd><ed><b0><9e>,<f0><9f><90><9e>
LARGE BLUE CIRCLE,<ed><a0><bd><ed><b4><b5>,<f0><9f><94><b5>
LARGE BLUE DIAMOND,<ed><a0><bd><ed><b4><b7>,<f0><9f><94><b7>
LARGE ORANGE DIAMOND,<ed><a0><bd><ed><b4><b6>,<f0><9f><94><b6>
LARGE RED CIRCLE,<ed><a0><bd><ed><b4><b4>,<f0><9f><94><b4>
LAST QUARTER MOON SYMBOL,<ed><a0><bc><ed><bc><97>,<f0><9f><8c><97>
LAST QUARTER MOON WITH FACE,<ed><a0><bc><ed><bc><9c>,<f0><9f><8c><9c>
LEAF FLUTTERING IN WIND,<ed><a0><bc><ed><bd><83>,<f0><9f><8d><83>
LEDGER,<ed><a0><bd><ed><b3><92>,<f0><9f><93><92>
LEFT LUGGAGE,<ed><a0><bd><ed><bb><85>,<f0><9f><9b><85>
LEFT RIGHT ARROW,<e2><86><94>,<e2><86><94>
LEFT-POINTING MAGNIFYING GLASS,<ed><a0><bd><ed><b4><8d>,<f0><9f><94><8d>
LEFTWARDS ARROW WITH HOOK,<e2><86><a9>,<e2><86><a9>
LEFTWARDS BLACK ARROW,<e2><ac><85>,<e2><ac><85>
LEMON,<ed><a0><bc><ed><bd><8b>,<f0><9f><8d><8b>
LEO,<e2><99><8c>,<e2><99><8c>
LEOPARD,<ed><a0><bd><ed><b0><86>,<f0><9f><90><86>
LIBRA,<e2><99><8e>,<e2><99><8e>
LIGHT RAIL,<ed><a0><bd><ed><ba><88>,<f0><9f><9a><88>
LINK SYMBOL,<ed><a0><bd><ed><b4><97>,<f0><9f><94><97>
LIPSTICK,<ed><a0><bd><ed><b2><84>,<f0><9f><92><84>
LOCK,<ed><a0><bd><ed><b4><92>,<f0><9f><94><92>
LOCK WITH INK PEN,<ed><a0><bd><ed><b4><8f>,<f0><9f><94><8f>
LOLLIPOP,<ed><a0><bc><ed><bd><ad>,<f0><9f><8d><ad>
LOUDLY CRYING FACE,<ed><a0><bd><ed><b8><ad>,<f0><9f><98><ad>
LOVE HOTEL,<ed><a0><bc><ed><bf><a9>,<f0><9f><8f><a9>
LOVE LETTER,<ed><a0><bd><ed><b2><8c>,<f0><9f><92><8c>
LOW BRIGHTNESS SYMBOL,<ed><a0><bd><ed><b4><85>,<f0><9f><94><85>
MAHJONG TILE RED DRAGON,<ed><a0><bc><ed><b0><84>,<f0><9f><80><84>
MAN,<ed><a0><bd><ed><b1><a8>,<f0><9f><91><a8>
MAN AND WOMAN HOLDING HANDS,<ed><a0><bd><ed><b1><ab>,<f0><9f><91><ab>
MAN WITH GUA PI MAO,<ed><a0><bd><ed><b1><b2>,<f0><9f><91><b2>
MAN WITH TURBAN,<ed><a0><bd><ed><b1><b3>,<f0><9f><91><b3>
MANS SHOE,<ed><a0><bd><ed><b1><9e>,<f0><9f><91><9e>
MAPLE LEAF,<ed><a0><bc><ed><bd><81>,<f0><9f><8d><81>
MEAT ON BONE,<ed><a0><bc><ed><bd><96>,<f0><9f><8d><96>
MEDIUM BLACK CIRCLE,<e2><9a><ab>,<e2><9a><ab>
MEDIUM WHITE CIRCLE,<e2><9a><aa>,<e2><9a><aa>
MELON,<ed><a0><bc><ed><bd><88>,<f0><9f><8d><88>
MEMO,<ed><a0><bd><ed><b3><9d>,<f0><9f><93><9d>
MENS SYMBOL,<ed><a0><bd><ed><ba><b9>,<f0><9f><9a><b9>
METRO,<ed><a0><bd><ed><ba><87>,<f0><9f><9a><87>
MICROPHONE,<ed><a0><bc><ed><be><a4>,<f0><9f><8e><a4>
MICROSCOPE,<ed><a0><bd><ed><b4><ac>,<f0><9f><94><ac>
MILKY WAY,<ed><a0><bc><ed><bc><8c>,<f0><9f><8c><8c>
MINIBUS,<ed><a0><bd><ed><ba><90>,<f0><9f><9a><90>
MINIDISC,<ed><a0><bd><ed><b2><bd>,<f0><9f><92><bd>
MOBILE PHONE,<ed><a0><bd><ed><b3><b1>,<f0><9f><93><b1>
MOBILE PHONE OFF,<ed><a0><bd><ed><b3><b4>,<f0><9f><93><b4>
MOBILE PHONE WITH RIGHTWARDS ARROW AT LEFT,<ed><a0><bd><ed><b3><b2>,<f0><9f><93><b2>
MONEY BAG,<ed><a0><bd><ed><b2><b0>,<f0><9f><92><b0>
MONEY WITH WINGS,<ed><a0><bd><ed><b2><b8>,<f0><9f><92><b8>
MONKEY,<ed><a0><bd><ed><b0><92>,<f0><9f><90><92>
MONKEY FACE,<ed><a0><bd><ed><b0><b5>,<f0><9f><90><b5>
MONORAIL,<ed><a0><bd><ed><ba><9d>,<f0><9f><9a><9d>
MOON VIEWING CEREMONY,<ed><a0><bc><ed><be><91>,<f0><9f><8e><91>
MOUNT FUJI,<ed><a0><bd><ed><b7><bb>,<f0><9f><97><bb>
MOUNTAIN BICYCLIST,<ed><a0><bd><ed><ba><b5>,<f0><9f><9a><b5>
MOUNTAIN CABLEWAY,<ed><a0><bd><ed><ba><a0>,<f0><9f><9a><a0>
MOUNTAIN RAILWAY,<ed><a0><bd><ed><ba><9e>,<f0><9f><9a><9e>
MOUSE,<ed><a0><bd><ed><b0><81>,<f0><9f><90><81>
MOUSE FACE,<ed><a0><bd><ed><b0><ad>,<f0><9f><90><ad>
MOUTH,<ed><a0><bd><ed><b1><84>,<f0><9f><91><84>
MOVIE CAMERA,<ed><a0><bc><ed><be><a5>,<f0><9f><8e><a5>
MOYAI,<ed><a0><bd><ed><b7><bf>,<f0><9f><97><bf>
MULTIPLE MUSICAL NOTES,<ed><a0><bc><ed><be><b6>,<f0><9f><8e><b6>
MUSHROOM,<ed><a0><bc><ed><bd><84>,<f0><9f><8d><84>
MUSICAL KEYBOARD,<ed><a0><bc><ed><be><b9>,<f0><9f><8e><b9>
MUSICAL NOTE,<ed><a0><bc><ed><be><b5>,<f0><9f><8e><b5>
MUSICAL SCORE,<ed><a0><bc><ed><be><bc>,<f0><9f><8e><bc>
NAIL POLISH,<ed><a0><bd><ed><b2><85>,<f0><9f><92><85>
NAME BADGE,<ed><a0><bd><ed><b3><9b>,<f0><9f><93><9b>
NECKTIE,<ed><a0><bd><ed><b1><94>,<f0><9f><91><94>
NEGATIVE SQUARED AB,<ed><a0><bc><ed><b6><8e>,<f0><9f><86><8e>
NEGATIVE SQUARED CROSS MARK,<e2><9d><8e>,<e2><9d><8e>
NEGATIVE SQUARED LATIN CAPITAL LETTER A,<ed><a0><bc><ed><b5><b0>,<f0><9f><85><b0>
NEGATIVE SQUARED LATIN CAPITAL LETTER B,<ed><a0><bc><ed><b5><b1>,<f0><9f><85><b1>
NEGATIVE SQUARED LATIN CAPITAL LETTER O,<ed><a0><bc><ed><b5><be>,<f0><9f><85><be>
NEGATIVE SQUARED LATIN CAPITAL LETTER P,<ed><a0><bc><ed><b5><bf>,<f0><9f><85><bf>
NEUTRAL FACE,<ed><a0><bd><ed><b8><90>,<f0><9f><98><90>
NEW MOON SYMBOL,<ed><a0><bc><ed><bc><91>,<f0><9f><8c><91>
NEW MOON WITH FACE,<ed><a0><bc><ed><bc><9a>,<f0><9f><8c><9a>
NEWSPAPER,<ed><a0><bd><ed><b3><b0>,<f0><9f><93><b0>
NIGHT WITH STARS,<ed><a0><bc><ed><bc><83>,<f0><9f><8c><83>
NO BICYCLES,<ed><a0><bd><ed><ba><b3>,<f0><9f><9a><b3>
NO ENTRY,<e2><9b><94>,<e2><9b><94>
NO ENTRY SIGN,<ed><a0><bd><ed><ba><ab>,<f0><9f><9a><ab>
NO MOBILE PHONES,<ed><a0><bd><ed><b3><b5>,<f0><9f><93><b5>
NO ONE UNDER EIGHTEEN SYMBOL,<ed><a0><bd><ed><b4><9e>,<f0><9f><94><9e>
NO PEDESTRIANS,<ed><a0><bd><ed><ba><b7>,<f0><9f><9a><b7>
NO SMOKING SYMBOL,<ed><a0><bd><ed><ba><ad>,<f0><9f><9a><ad>
NON-POTABLE WATER SYMBOL,<ed><a0><bd><ed><ba><b1>,<f0><9f><9a><b1>
NORTH EAST ARROW,<e2><86><97>,<e2><86><97>
NORTH WEST ARROW,<e2><86><96>,<e2><86><96>
NOSE,<ed><a0><bd><ed><b1><83>,<f0><9f><91><83>
NOTEBOOK,<ed><a0><bd><ed><b3><93>,<f0><9f><93><93>
NOTEBOOK WITH DECORATIVE COVER,<ed><a0><bd><ed><b3><94>,<f0><9f><93><94>
NUMBER SIGN + COMBINING ENCLOSING KEYCAP,#<e2><83><a3>,<23><e2><83><a3>
NUT AND BOLT,<ed><a0><bd><ed><b4><a9>,<f0><9f><94><a9>
OCTOPUS,<ed><a0><bd><ed><b0><99>,<f0><9f><90><99>
ODEN,<ed><a0><bc><ed><bd><a2>,<f0><9f><8d><a2>
OFFICE BUILDING,<ed><a0><bc><ed><bf><a2>,<f0><9f><8f><a2>
OK HAND SIGN,<ed><a0><bd><ed><b1><8c>,<f0><9f><91><8c>
OLDER MAN,<ed><a0><bd><ed><b1><b4>,<f0><9f><91><b4>
OLDER WOMAN,<ed><a0><bd><ed><b1><b5>,<f0><9f><91><b5>
ON WITH EXCLAMATION MARK WITH LEFT RIGHT ARROW ABOVE,<ed><a0><bd><ed><b4><9b>,<f0><9f><94><9b>
ONCOMING AUTOMOBILE,<ed><a0><bd><ed><ba><98>,<f0><9f><9a><98>
ONCOMING BUS,<ed><a0><bd><ed><ba><8d>,<f0><9f><9a><8d>
ONCOMING POLICE CAR,<ed><a0><bd><ed><ba><94>,<f0><9f><9a><94>
ONCOMING TAXI,<ed><a0><bd><ed><ba><96>,<f0><9f><9a><96>
OPEN BOOK,<ed><a0><bd><ed><b3><96>,<f0><9f><93><96>
OPEN FILE FOLDER,<ed><a0><bd><ed><b3><82>,<f0><9f><93><82>
OPEN HANDS SIGN,<ed><a0><bd><ed><b1><90>,<f0><9f><91><90>
OPEN LOCK,<ed><a0><bd><ed><b4><93>,<f0><9f><94><93>
OPEN MAILBOX WITH LOWERED FLAG,<ed><a0><bd><ed><b3><ad>,<f0><9f><93><ad>
OPEN MAILBOX WITH RAISED FLAG,<ed><a0><bd><ed><b3><ac>,<f0><9f><93><ac>
OPHIUCHUS,<e2><9b><8e>,<e2><9b><8e>
OPTICAL DISC,<ed><a0><bd><ed><b2><bf>,<f0><9f><92><bf>
ORANGE BOOK,<ed><a0><bd><ed><b3><99>,<f0><9f><93><99>
OUTBOX TRAY,<ed><a0><bd><ed><b3><a4>,<f0><9f><93><a4>
OX,<ed><a0><bd><ed><b0><82>,<f0><9f><90><82>
PACKAGE,<ed><a0><bd><ed><b3><a6>,<f0><9f><93><a6>
PAGE FACING UP,<ed><a0><bd><ed><b3><84>,<f0><9f><93><84>
PAGE WITH CURL,<ed><a0><bd><ed><b3><83>,<f0><9f><93><83>
PAGER,<ed><a0><bd><ed><b3><9f>,<f0><9f><93><9f>
PALM TREE,<ed><a0><bc><ed><bc><b4>,<f0><9f><8c><b4>
PANDA FACE,<ed><a0><bd><ed><b0><bc>,<f0><9f><90><bc>
PAPERCLIP,<ed><a0><bd><ed><b3><8e>,<f0><9f><93><8e>
PART ALTERNATION MARK,<e3><80><bd>,<e3><80><bd>
PARTY POPPER,<ed><a0><bc><ed><be><89>,<f0><9f><8e><89>
PASSPORT CONTROL,<ed><a0><bd><ed><bb><82>,<f0><9f><9b><82>
PAW PRINTS,<ed><a0><bd><ed><b0><be>,<f0><9f><90><be>
PEACH,<ed><a0><bc><ed><bd><91>,<f0><9f><8d><91>
PEAR,<ed><a0><bc><ed><bd><90>,<f0><9f><8d><90>
PEDESTRIAN,<ed><a0><bd><ed><ba><b6>,<f0><9f><9a><b6>
PENCIL,<e2><9c><8f>,<e2><9c><8f>
PENGUIN,<ed><a0><bd><ed><b0><a7>,<f0><9f><90><a7>
PENSIVE FACE,<ed><a0><bd><ed><b8><94>,<f0><9f><98><94>
PERFORMING ARTS,<ed><a0><bc><ed><be><ad>,<f0><9f><8e><ad>
PERSEVERING FACE,<ed><a0><bd><ed><b8><a3>,<f0><9f><98><a3>
PERSON BOWING DEEPLY,<ed><a0><bd><ed><b9><87>,<f0><9f><99><87>
PERSON FROWNING,<ed><a0><bd><ed><b9><8d>,<f0><9f><99><8d>
PERSON RAISING BOTH HANDS IN CELEBRATION,<ed><a0><bd><ed><b9><8c>,<f0><9f><99><8c>
PERSON WITH BLOND HAIR,<ed><a0><bd><ed><b1><b1>,<f0><9f><91><b1>
PERSON WITH FOLDED HANDS,<ed><a0><bd><ed><b9><8f>,<f0><9f><99><8f>
PERSON WITH POUTING FACE,<ed><a0><bd><ed><b9><8e>,<f0><9f><99><8e>
PERSONAL COMPUTER,<ed><a0><bd><ed><b2><bb>,<f0><9f><92><bb>
PIG,<ed><a0><bd><ed><b0><96>,<f0><9f><90><96>
PIG FACE,<ed><a0><bd><ed><b0><b7>,<f0><9f><90><b7>
PIG NOSE,<ed><a0><bd><ed><b0><bd>,<f0><9f><90><bd>
PILE OF POO,<ed><a0><bd><ed><b2><a9>,<f0><9f><92><a9>
PILL,<ed><a0><bd><ed><b2><8a>,<f0><9f><92><8a>
PINE DECORATION,<ed><a0><bc><ed><be><8d>,<f0><9f><8e><8d>
PINEAPPLE,<ed><a0><bc><ed><bd><8d>,<f0><9f><8d><8d>
PISCES,<e2><99><93>,<e2><99><93>
PISTOL,<ed><a0><bd><ed><b4><ab>,<f0><9f><94><ab>
PLAYING CARD BLACK JOKER,<ed><a0><bc><ed><b3><8f>,<f0><9f><83><8f>
POLICE CAR,<ed><a0><bd><ed><ba><93>,<f0><9f><9a><93>
POLICE CARS REVOLVING LIGHT,<ed><a0><bd><ed><ba><a8>,<f0><9f><9a><a8>
POLICE OFFICER,<ed><a0><bd><ed><b1><ae>,<f0><9f><91><ae>
POODLE,<ed><a0><bd><ed><b0><a9>,<f0><9f><90><a9>
POSTAL HORN,<ed><a0><bd><ed><b3><af>,<f0><9f><93><af>
POSTBOX,<ed><a0><bd><ed><b3><ae>,<f0><9f><93><ae>
POT OF FOOD,<ed><a0><bc><ed><bd><b2>,<f0><9f><8d><b2>
POTABLE WATER SYMBOL,<ed><a0><bd><ed><ba><b0>,<f0><9f><9a><b0>
POUCH,<ed><a0><bd><ed><b1><9d>,<f0><9f><91><9d>
POULTRY LEG,<ed><a0><bc><ed><bd><97>,<f0><9f><8d><97>
POUTING CAT FACE,<ed><a0><bd><ed><b8><be>,<f0><9f><98><be>
POUTING FACE,<ed><a0><bd><ed><b8><a1>,<f0><9f><98><a1>
PRINCESS,<ed><a0><bd><ed><b1><b8>,<f0><9f><91><b8>
PUBLIC ADDRESS LOUDSPEAKER,<ed><a0><bd><ed><b3><a2>,<f0><9f><93><a2>
PURPLE HEART,<ed><a0><bd><ed><b2><9c>,<f0><9f><92><9c>
PURSE,<ed><a0><bd><ed><b1><9b>,<f0><9f><91><9b>
PUSHPIN,<ed><a0><bd><ed><b3><8c>,<f0><9f><93><8c>
PUT LITTER IN ITS PLACE SYMBOL,<ed><a0><bd><ed><ba><ae>,<f0><9f><9a><ae>
RABBIT,<ed><a0><bd><ed><b0><87>,<f0><9f><90><87>
RABBIT FACE,<ed><a0><bd><ed><b0><b0>,<f0><9f><90><b0>
RADIO,<ed><a0><bd><ed><b3><bb>,<f0><9f><93><bb>
RADIO BUTTON,<ed><a0><bd><ed><b4><98>,<f0><9f><94><98>
RAILWAY CAR,<ed><a0><bd><ed><ba><83>,<f0><9f><9a><83>
RAINBOW,<ed><a0><bc><ed><bc><88>,<f0><9f><8c><88>
RAISED FIST,<e2><9c><8a>,<e2><9c><8a>
RAISED HAND,<e2><9c><8b>,<e2><9c><8b>
RAM,<ed><a0><bd><ed><b0><8f>,<f0><9f><90><8f>
RAT,<ed><a0><bd><ed><b0><80>,<f0><9f><90><80>
RECREATIONAL VEHICLE,<ed><a0><bd><ed><ba><99>,<f0><9f><9a><99>
RED APPLE,<ed><a0><bc><ed><bd><8e>,<f0><9f><8d><8e>
REGIONAL INDICATOR SYMBOL LETTER C + REGIONAL INDICATOR SYMBOL LETTER N,<ed><a0><bc><ed><b7><a8><ed><a0><bc><ed><b7><b3>,<f0><9f><87><a8><f0><9f><87><b3>
REGIONAL INDICATOR SYMBOL LETTER D + REGIONAL INDICATOR SYMBOL LETTER E,<ed><a0><bc><ed><b7><a9><ed><a0><bc><ed><b7><aa>,<f0><9f><87><a9><f0><9f><87><aa>
REGIONAL INDICATOR SYMBOL LETTER E + REGIONAL INDICATOR SYMBOL LETTER S,<ed><a0><bc><ed><b7><aa><ed><a0><bc><ed><b7><b8>,<f0><9f><87><aa><f0><9f><87><b8>
REGIONAL INDICATOR SYMBOL LETTER F + REGIONAL INDICATOR SYMBOL LETTER R,<ed><a0><bc><ed><b7><ab><ed><a0><bc><ed><b7><b7>,<f0><9f><87><ab><f0><9f><87><b7>
REGIONAL INDICATOR SYMBOL LETTER G + REGIONAL INDICATOR SYMBOL LETTER B,<ed><a0><bc><ed><b7><ac><ed><a0><bc><ed><b7><a7>,<f0><9f><87><ac><f0><9f><87><a7>
REGIONAL INDICATOR SYMBOL LETTER I + REGIONAL INDICATOR SYMBOL LETTER T,<ed><a0><bc><ed><b7><ae><ed><a0><bc><ed><b7><b9>,<f0><9f><87><ae><f0><9f><87><b9>
REGIONAL INDICATOR SYMBOL LETTER J + REGIONAL INDICATOR SYMBOL LETTER P,<ed><a0><bc><ed><b7><af><ed><a0><bc><ed><b7><b5>,<f0><9f><87><af><f0><9f><87><b5>
REGIONAL INDICATOR SYMBOL LETTER K + REGIONAL INDICATOR SYMBOL LETTER R,<ed><a0><bc><ed><b7><b0><ed><a0><bc><ed><b7><b7>,<f0><9f><87><b0><f0><9f><87><b7>
REGIONAL INDICATOR SYMBOL LETTER R + REGIONAL INDICATOR SYMBOL LETTER U,<ed><a0><bc><ed><b7><b7><ed><a0><bc><ed><b7><ba>,<f0><9f><87><b7><f0><9f><87><ba>
REGIONAL INDICATOR SYMBOL LETTER U + REGIONAL INDICATOR SYMBOL LETTER S,<ed><a0><bc><ed><b7><ba><ed><a0><bc><ed><b7><b8>,<f0><9f><87><ba><f0><9f><87><b8>
REGISTERED SIGN,<c2><ae>,<c2><ae>
RELIEVED FACE,<ed><a0><bd><ed><b8><8c>,<f0><9f><98><8c>
RESTROOM,<ed><a0><bd><ed><ba><bb>,<f0><9f><9a><bb>
REVOLVING HEARTS,<ed><a0><bd><ed><b2><9e>,<f0><9f><92><9e>
RIBBON,<ed><a0><bc><ed><be><80>,<f0><9f><8e><80>
RICE BALL,<ed><a0><bc><ed><bd><99>,<f0><9f><8d><99>
RICE CRACKER,<ed><a0><bc><ed><bd><98>,<f0><9f><8d><98>
RIGHT-POINTING MAGNIFYING GLASS,<ed><a0><bd><ed><b4><8e>,<f0><9f><94><8e>
RIGHTWARDS ARROW WITH HOOK,<e2><86><aa>,<e2><86><aa>
RING,<ed><a0><bd><ed><b2><8d>,<f0><9f><92><8d>
ROASTED SWEET POTATO,<ed><a0><bc><ed><bd><a0>,<f0><9f><8d><a0>
ROCKET,<ed><a0><bd><ed><ba><80>,<f0><9f><9a><80>
ROLLER COASTER,<ed><a0><bc><ed><be><a2>,<f0><9f><8e><a2>
ROOSTER,<ed><a0><bd><ed><b0><93>,<f0><9f><90><93>
ROSE,<ed><a0><bc><ed><bc><b9>,<f0><9f><8c><b9>
ROUND PUSHPIN,<ed><a0><bd><ed><b3><8d>,<f0><9f><93><8d>
ROWBOAT,<ed><a0><bd><ed><ba><a3>,<f0><9f><9a><a3>
RUGBY FOOTBALL,<ed><a0><bc><ed><bf><89>,<f0><9f><8f><89>
RUNNER,<ed><a0><bc><ed><bf><83>,<f0><9f><8f><83>
RUNNING SHIRT WITH SASH,<ed><a0><bc><ed><be><bd>,<f0><9f><8e><bd>
SAGITTARIUS,<e2><99><90>,<e2><99><90>
SAILBOAT,<e2><9b><b5>,<e2><9b><b5>
SAKE BOTTLE AND CUP,<ed><a0><bc><ed><bd><b6>,<f0><9f><8d><b6>
SATELLITE ANTENNA,<ed><a0><bd><ed><b3><a1>,<f0><9f><93><a1>
SAXOPHONE,<ed><a0><bc><ed><be><b7>,<f0><9f><8e><b7>
SCHOOL,<ed><a0><bc><ed><bf><ab>,<f0><9f><8f><ab>
SCHOOL SATCHEL,<ed><a0><bc><ed><be><92>,<f0><9f><8e><92>
SCORPIUS,<e2><99><8f>,<e2><99><8f>
SCROLL,<ed><a0><bd><ed><b3><9c>,<f0><9f><93><9c>
SEAT,<ed><a0><bd><ed><b2><ba>,<f0><9f><92><ba>
SEE-NO-EVIL MONKEY,<ed><a0><bd><ed><b9><88>,<f0><9f><99><88>
SEEDLING,<ed><a0><bc><ed><bc><b1>,<f0><9f><8c><b1>
SHAVED ICE,<ed><a0><bc><ed><bd><a7>,<f0><9f><8d><a7>
SHEEP,<ed><a0><bd><ed><b0><91>,<f0><9f><90><91>
SHIP,<ed><a0><bd><ed><ba><a2>,<f0><9f><9a><a2>
SHOOTING STAR,<ed><a0><bc><ed><bc><a0>,<f0><9f><8c><a0>
SHORTCAKE,<ed><a0><bc><ed><bd><b0>,<f0><9f><8d><b0>
SHOWER,<ed><a0><bd><ed><ba><bf>,<f0><9f><9a><bf>
SILHOUETTE OF JAPAN,<ed><a0><bd><ed><b7><be>,<f0><9f><97><be>
SIX POINTED STAR WITH MIDDLE DOT,<ed><a0><bd><ed><b4><af>,<f0><9f><94><af>
SKI AND SKI BOOT,<ed><a0><bc><ed><be><bf>,<f0><9f><8e><bf>
SKULL,<ed><a0><bd><ed><b2><80>,<f0><9f><92><80>
SLEEPING FACE,<ed><a0><bd><ed><b8><b4>,<f0><9f><98><b4>
SLEEPING SYMBOL,<ed><a0><bd><ed><b2><a4>,<f0><9f><92><a4>
SLEEPY FACE,<ed><a0><bd><ed><b8><aa>,<f0><9f><98><aa>
SLICE OF PIZZA,<ed><a0><bc><ed><bd><95>,<f0><9f><8d><95>
SLOT MACHINE,<ed><a0><bc><ed><be><b0>,<f0><9f><8e><b0>
SMALL BLUE DIAMOND,<ed><a0><bd><ed><b4><b9>,<f0><9f><94><b9>
SMALL ORANGE DIAMOND,<ed><a0><bd><ed><b4><b8>,<f0><9f><94><b8>
SMILING CAT FACE WITH HEART-SHAPED EYES,<ed><a0><bd><ed><b8><bb>,<f0><9f><98><bb>
SMILING CAT FACE WITH OPEN MOUTH,<ed><a0><bd><ed><b8><ba>,<f0><9f><98><ba>
SMILING FACE WITH HALO,<ed><a0><bd><ed><b8><87>,<f0><9f><98><87>
SMILING FACE WITH HEART-SHAPED EYES,<ed><a0><bd><ed><b8><8d>,<f0><9f><98><8d>
SMILING FACE WITH HORNS,<ed><a0><bd><ed><b8><88>,<f0><9f><98><88>
SMILING FACE WITH OPEN MOUTH,<ed><a0><bd><ed><b8><83>,<f0><9f><98><83>
SMILING FACE WITH OPEN MOUTH AND COLD SWEAT,<ed><a0><bd><ed><b8><85>,<f0><9f><98><85>
SMILING FACE WITH OPEN MOUTH AND SMILING EYES,<ed><a0><bd><ed><b8><84>,<f0><9f><98><84>
SMILING FACE WITH OPEN MOUTH AND TIGHTLY-CLOSED EYES,<ed><a0><bd><ed><b8><86>,<f0><9f><98><86>
SMILING FACE WITH SMILING EYES,<ed><a0><bd><ed><b8><8a>,<f0><9f><98><8a>
SMILING FACE WITH SUNGLASSES,<ed><a0><bd><ed><b8><8e>,<f0><9f><98><8e>
SMIRKING FACE,<ed><a0><bd><ed><b8><8f>,<f0><9f><98><8f>
SMOKING SYMBOL,<ed><a0><bd><ed><ba><ac>,<f0><9f><9a><ac>
SNAIL,<ed><a0><bd><ed><b0><8c>,<f0><9f><90><8c>
SNAKE,<ed><a0><bd><ed><b0><8d>,<f0><9f><90><8d>
SNOWBOARDER,<ed><a0><bc><ed><bf><82>,<f0><9f><8f><82>
SNOWFLAKE,<e2><9d><84>,<e2><9d><84>
SNOWMAN WITHOUT SNOW,<e2><9b><84>,<e2><9b><84>
SOCCER BALL,<e2><9a><bd>,<e2><9a><bd>
SOFT ICE CREAM,<ed><a0><bc><ed><bd><a6>,<f0><9f><8d><a6>
SOON WITH RIGHTWARDS ARROW ABOVE,<ed><a0><bd><ed><b4><9c>,<f0><9f><94><9c>
SOUTH EAST ARROW,<e2><86><98>,<e2><86><98>
SOUTH WEST ARROW,<e2><86><99>,<e2><86><99>
SPAGHETTI,<ed><a0><bc><ed><bd><9d>,<f0><9f><8d><9d>
SPARKLE,<e2><9d><87>,<e2><9d><87>
SPARKLES,<e2><9c><a8>,<e2><9c><a8>
SPARKLING HEART,<ed><a0><bd><ed><b2><96>,<f0><9f><92><96>
SPEAK-NO-EVIL MONKEY,<ed><a0><bd><ed><b9><8a>,<f0><9f><99><8a>
SPEAKER WITH CANCELLATION STROKE,<ed><a0><bd><ed><b4><87>,<f0><9f><94><87>
SPEAKER WITH ONE SOUND WAVE,<ed><a0><bd><ed><b4><89>,<f0><9f><94><89>
SPEAKER WITH THREE SOUND WAVES,<ed><a0><bd><ed><b4><8a>,<f0><9f><94><8a>
SPEECH BALLOON,<ed><a0><bd><ed><b2><ac>,<f0><9f><92><ac>
SPEEDBOAT,<ed><a0><bd><ed><ba><a4>,<f0><9f><9a><a4>
SPIRAL SHELL,<ed><a0><bd><ed><b0><9a>,<f0><9f><90><9a>
SPLASHING SWEAT SYMBOL,<ed><a0><bd><ed><b2><a6>,<f0><9f><92><a6>
SPOUTING WHALE,<ed><a0><bd><ed><b0><b3>,<f0><9f><90><b3>
SQUARED CJK UNIFIED IDEOGRAPH-5272,<ed><a0><bc><ed><b8><b9>,<f0><9f><88><b9>
SQUARED CJK UNIFIED IDEOGRAPH-5408,<ed><a0><bc><ed><b8><b4>,<f0><9f><88><b4>
SQUARED CJK UNIFIED IDEOGRAPH-55B6,<ed><a0><bc><ed><b8><ba>,<f0><9f><88><ba>
SQUARED CJK UNIFIED IDEOGRAPH-6307,<ed><a0><bc><ed><b8><af>,<f0><9f><88><af>
SQUARED CJK UNIFIED IDEOGRAPH-6708,<ed><a0><bc><ed><b8><b7>,<f0><9f><88><b7>
SQUARED CJK UNIFIED IDEOGRAPH-6709,<ed><a0><bc><ed><b8><b6>,<f0><9f><88><b6>
SQUARED CJK UNIFIED IDEOGRAPH-6E80,<ed><a0><bc><ed><b8><b5>,<f0><9f><88><b5>
SQUARED CJK UNIFIED IDEOGRAPH-7121,<ed><a0><bc><ed><b8><9a>,<f0><9f><88><9a>
SQUARED CJK UNIFIED IDEOGRAPH-7533,<ed><a0><bc><ed><b8><b8>,<f0><9f><88><b8>
SQUARED CJK UNIFIED IDEOGRAPH-7981,<ed><a0><bc><ed><b8><b2>,<f0><9f><88><b2>
SQUARED CJK UNIFIED IDEOGRAPH-7A7A,<ed><a0><bc><ed><b8><b3>,<f0><9f><88><b3>
SQUARED CL,<ed><a0><bc><ed><b6><91>,<f0><9f><86><91>
SQUARED COOL,<ed><a0><bc><ed><b6><92>,<f0><9f><86><92>
SQUARED FREE,<ed><a0><bc><ed><b6><93>,<f0><9f><86><93>
SQUARED ID,<ed><a0><bc><ed><b6><94>,<f0><9f><86><94>
SQUARED KATAKANA KOKO,<ed><a0><bc><ed><b8><81>,<f0><9f><88><81>
SQUARED KATAKANA SA,<ed><a0><bc><ed><b8><82>,<f0><9f><88><82>
SQUARED NEW,<ed><a0><bc><ed><b6><95>,<f0><9f><86><95>
SQUARED NG,<ed><a0><bc><ed><b6><96>,<f0><9f><86><96>
SQUARED OK,<ed><a0><bc><ed><b6><97>,<f0><9f><86><97>
SQUARED SOS,<ed><a0><bc><ed><b6><98>,<f0><9f><86><98>
SQUARED UP WITH EXCLAMATION MARK,<ed><a0><bc><ed><b6><99>,<f0><9f><86><99>
SQUARED VS,<ed><a0><bc><ed><b6><9a>,<f0><9f><86><9a>
STATION,<ed><a0><bd><ed><ba><89>,<f0><9f><9a><89>
STATUE OF LIBERTY,<ed><a0><bd><ed><b7><bd>,<f0><9f><97><bd>
STEAM LOCOMOTIVE,<ed><a0><bd><ed><ba><82>,<f0><9f><9a><82>
STEAMING BOWL,<ed><a0><bc><ed><bd><9c>,<f0><9f><8d><9c>
STRAIGHT RULER,<ed><a0><bd><ed><b3><8f>,<f0><9f><93><8f>
STRAWBERRY,<ed><a0><bc><ed><bd><93>,<f0><9f><8d><93>
SUN BEHIND CLOUD,<e2><9b><85>,<e2><9b><85>
SUN WITH FACE,<ed><a0><bc><ed><bc><9e>,<f0><9f><8c><9e>
SUNFLOWER,<ed><a0><bc><ed><bc><bb>,<f0><9f><8c><bb>
SUNRISE,<ed><a0><bc><ed><bc><85>,<f0><9f><8c><85>
SUNRISE OVER MOUNTAINS,<ed><a0><bc><ed><bc><84>,<f0><9f><8c><84>
SUNSET OVER BUILDINGS,<ed><a0><bc><ed><bc><87>,<f0><9f><8c><87>
SURFER,<ed><a0><bc><ed><bf><84>,<f0><9f><8f><84>
SUSHI,<ed><a0><bc><ed><bd><a3>,<f0><9f><8d><a3>
SUSPENSION RAILWAY,<ed><a0><bd><ed><ba><9f>,<f0><9f><9a><9f>
SWIMMER,<ed><a0><bc><ed><bf><8a>,<f0><9f><8f><8a>
SYRINGE,<ed><a0><bd><ed><b2><89>,<f0><9f><92><89>
T-SHIRT,<ed><a0><bd><ed><b1><95>,<f0><9f><91><95>
TANABATA TREE,<ed><a0><bc><ed><be><8b>,<f0><9f><8e><8b>
TANGERINE,<ed><a0><bc><ed><bd><8a>,<f0><9f><8d><8a>
TAURUS,<e2><99><89>,<e2><99><89>
TAXI,<ed><a0><bd><ed><ba><95>,<f0><9f><9a><95>
TEACUP WITHOUT HANDLE,<ed><a0><bc><ed><bd><b5>,<f0><9f><8d><b5>
TEAR-OFF CALENDAR,<ed><a0><bd><ed><b3><86>,<f0><9f><93><86>
TELEPHONE RECEIVER,<ed><a0><bd><ed><b3><9e>,<f0><9f><93><9e>
TELESCOPE,<ed><a0><bd><ed><b4><ad>,<f0><9f><94><ad>
TELEVISION,<ed><a0><bd><ed><b3><ba>,<f0><9f><93><ba>
TENNIS RACQUET AND BALL,<ed><a0><bc><ed><be><be>,<f0><9f><8e><be>
TENT,<e2><9b><ba>,<e2><9b><ba>
THOUGHT BALLOON,<ed><a0><bd><ed><b2><ad>,<f0><9f><92><ad>
THUMBS DOWN SIGN,<ed><a0><bd><ed><b1><8e>,<f0><9f><91><8e>
THUMBS UP SIGN,<ed><a0><bd><ed><b1><8d>,<f0><9f><91><8d>
TICKET,<ed><a0><bc><ed><be><ab>,<f0><9f><8e><ab>
TIGER,<ed><a0><bd><ed><b0><85>,<f0><9f><90><85>
TIGER FACE,<ed><a0><bd><ed><b0><af>,<f0><9f><90><af>
TIRED FACE,<ed><a0><bd><ed><b8><ab>,<f0><9f><98><ab>
TOILET,<ed><a0><bd><ed><ba><bd>,<f0><9f><9a><bd>
TOKYO TOWER,<ed><a0><bd><ed><b7><bc>,<f0><9f><97><bc>
TOMATO,<ed><a0><bc><ed><bd><85>,<f0><9f><8d><85>
TONGUE,<ed><a0><bd><ed><b1><85>,<f0><9f><91><85>
TOP HAT,<ed><a0><bc><ed><be><a9>,<f0><9f><8e><a9>
TOP WITH UPWARDS ARROW ABOVE,<ed><a0><bd><ed><b4><9d>,<f0><9f><94><9d>
TRACTOR,<ed><a0><bd><ed><ba><9c>,<f0><9f><9a><9c>
TRADE MARK SIGN,<e2><84><a2>,<e2><84><a2>
TRAIN,<ed><a0><bd><ed><ba><86>,<f0><9f><9a><86>
TRAM,<ed><a0><bd><ed><ba><8a>,<f0><9f><9a><8a>
TRIANGULAR FLAG ON POST,<ed><a0><bd><ed><ba><a9>,<f0><9f><9a><a9>
TRIANGULAR RULER,<ed><a0><bd><ed><b3><90>,<f0><9f><93><90>
TRIDENT EMBLEM,<ed><a0><bd><ed><b4><b1>,<f0><9f><94><b1>
TROLLEYBUS,<ed><a0><bd><ed><ba><8e>,<f0><9f><9a><8e>
TROPHY,<ed><a0><bc><ed><bf><86>,<f0><9f><8f><86>
TROPICAL DRINK,<ed><a0><bc><ed><bd><b9>,<f0><9f><8d><b9>
TROPICAL FISH,<ed><a0><bd><ed><b0><a0>,<f0><9f><90><a0>
TRUMPET,<ed><a0><bc><ed><be><ba>,<f0><9f><8e><ba>
TULIP,<ed><a0><bc><ed><bc><b7>,<f0><9f><8c><b7>
TURTLE,<ed><a0><bd><ed><b0><a2>,<f0><9f><90><a2>
TWISTED RIGHTWARDS ARROWS,<ed><a0><bd><ed><b4><80>,<f0><9f><94><80>
TWO HEARTS,<ed><a0><bd><ed><b2><95>,<f0><9f><92><95>
TWO MEN HOLDING HANDS,<ed><a0><bd><ed><b1><ac>,<f0><9f><91><ac>
TWO WOMEN HOLDING HANDS,<ed><a0><bd><ed><b1><ad>,<f0><9f><91><ad>
UMBRELLA WITH RAIN DROPS,<e2><98><94>,<e2><98><94>
UNAMUSED FACE,<ed><a0><bd><ed><b8><92>,<f0><9f><98><92>
UP DOWN ARROW,<e2><86><95>,<e2><86><95>
UP-POINTING RED TRIANGLE,<ed><a0><bd><ed><b4><ba>,<f0><9f><94><ba>
UP-POINTING SMALL RED TRIANGLE,<ed><a0><bd><ed><b4><bc>,<f0><9f><94><bc>
UPWARDS BLACK ARROW,<e2><ac><86>,<e2><ac><86>
VERTICAL TRAFFIC LIGHT,<ed><a0><bd><ed><ba><a6>,<f0><9f><9a><a6>
VIBRATION MODE,<ed><a0><bd><ed><b3><b3>,<f0><9f><93><b3>
VICTORY HAND,<e2><9c><8c>,<e2><9c><8c>
VIDEO CAMERA,<ed><a0><bd><ed><b3><b9>,<f0><9f><93><b9>
VIDEO GAME,<ed><a0><bc><ed><be><ae>,<f0><9f><8e><ae>
VIDEOCASSETTE,<ed><a0><bd><ed><b3><bc>,<f0><9f><93><bc>
VIOLIN,<ed><a0><bc><ed><be><bb>,<f0><9f><8e><bb>
VIRGO,<e2><99><8d>,<e2><99><8d>
VOLCANO,<ed><a0><bc><ed><bc><8b>,<f0><9f><8c><8b>
WANING CRESCENT MOON SYMBOL,<ed><a0><bc><ed><bc><98>,<f0><9f><8c><98>
WANING GIBBOUS MOON SYMBOL,<ed><a0><bc><ed><bc><96>,<f0><9f><8c><96>
WARNING SIGN,<e2><9a><a0>,<e2><9a><a0>
WATCH,<e2><8c><9a>,<e2><8c><9a>
WATER BUFFALO,<ed><a0><bd><ed><b0><83>,<f0><9f><90><83>
WATER CLOSET,<ed><a0><bd><ed><ba><be>,<f0><9f><9a><be>
WATER WAVE,<ed><a0><bc><ed><bc><8a>,<f0><9f><8c><8a>
WATERMELON,<ed><a0><bc><ed><bd><89>,<f0><9f><8d><89>
WAVING HAND SIGN,<ed><a0><bd><ed><b1><8b>,<f0><9f><91><8b>
WAVY DASH,<e3><80><b0>,<e3><80><b0>
WAXING CRESCENT MOON SYMBOL,<ed><a0><bc><ed><bc><92>,<f0><9f><8c><92>
WAXING GIBBOUS MOON SYMBOL,<ed><a0><bc><ed><bc><94>,<f0><9f><8c><94>
WEARY CAT FACE,<ed><a0><bd><ed><b9><80>,<f0><9f><99><80>
WEARY FACE,<ed><a0><bd><ed><b8><a9>,<f0><9f><98><a9>
WEDDING,<ed><a0><bd><ed><b2><92>,<f0><9f><92><92>
WHALE,<ed><a0><bd><ed><b0><8b>,<f0><9f><90><8b>
WHEELCHAIR SYMBOL,<e2><99><bf>,<e2><99><bf>
WHITE DOWN POINTING BACKHAND INDEX,<ed><a0><bd><ed><b1><87>,<f0><9f><91><87>
WHITE EXCLAMATION MARK ORNAMENT,<e2><9d><95>,<e2><9d><95>
WHITE FLOWER,<ed><a0><bd><ed><b2><ae>,<f0><9f><92><ae>
WHITE HEAVY CHECK MARK,<e2><9c><85>,<e2><9c><85>
WHITE LARGE SQUARE,<e2><ac><9c>,<e2><ac><9c>
WHITE LEFT POINTING BACKHAND INDEX,<ed><a0><bd><ed><b1><88>,<f0><9f><91><88>
WHITE MEDIUM SMALL SQUARE,<e2><97><bd>,<e2><97><bd>
WHITE MEDIUM SQUARE,<e2><97><bb>,<e2><97><bb>
WHITE MEDIUM STAR,<e2><ad><90>,<e2><ad><90>
WHITE QUESTION MARK ORNAMENT,<e2><9d><94>,<e2><9d><94>
WHITE RIGHT POINTING BACKHAND INDEX,<ed><a0><bd><ed><b1><89>,<f0><9f><91><89>
WHITE SMALL SQUARE,<e2><96><ab>,<e2><96><ab>
WHITE SMILING FACE,<e2><98><ba>,<e2><98><ba>
WHITE SQUARE BUTTON,<ed><a0><bd><ed><b4><b3>,<f0><9f><94><b3>
WHITE UP POINTING BACKHAND INDEX,<ed><a0><bd><ed><b1><86>,<f0><9f><91><86>
WHITE UP POINTING INDEX,<e2><98><9d>,<e2><98><9d>
WIND CHIME,<ed><a0><bc><ed><be><90>,<f0><9f><8e><90>
WINE GLASS,<ed><a0><bc><ed><bd><b7>,<f0><9f><8d><b7>
WINKING FACE,<ed><a0><bd><ed><b8><89>,<f0><9f><98><89>
WOLF FACE,<ed><a0><bd><ed><b0><ba>,<f0><9f><90><ba>
WOMAN,<ed><a0><bd><ed><b1><a9>,<f0><9f><91><a9>
WOMAN WITH BUNNY EARS,<ed><a0><bd><ed><b1><af>,<f0><9f><91><af>
WOMANS BOOTS,<ed><a0><bd><ed><b1><a2>,<f0><9f><91><a2>
WOMANS CLOTHES,<ed><a0><bd><ed><b1><9a>,<f0><9f><91><9a>
WOMANS HAT,<ed><a0><bd><ed><b1><92>,<f0><9f><91><92>
WOMANS SANDAL,<ed><a0><bd><ed><b1><a1>,<f0><9f><91><a1>
WOMENS SYMBOL,<ed><a0><bd><ed><ba><ba>,<f0><9f><9a><ba>
WORRIED FACE,<ed><a0><bd><ed><b8><9f>,<f0><9f><98><9f>
WRAPPED PRESENT,<ed><a0><bc><ed><be><81>,<f0><9f><8e><81>
WRENCH,<ed><a0><bd><ed><b4><a7>,<f0><9f><94><a7>
YELLOW HEART,<ed><a0><bd><ed><b2><9b>,<f0><9f><92><9b>
